{"graph_0": {"_type": "graph-file", "path": "media/graph/graph_0_summary_96bcd62e.graph.json", "sha256": "96bcd62e42ebce92084caa8cfd7604c63331fc97e088c99c45bf4deaf364c000", "size": 1202}, "Train loss": 3.8839072818828737, "_runtime": 269, "_timestamp": 1613977542, "_step": 2197, "img2img": -0.008665888874898959, "txt2txt": -0.012301760280242593, "img2txt": 0.8952926023863589, "Test loss": 3.819419572066228, "val_r1_acc_txt2img": 0.2889411764705882, "val_r5_acc_txt2img": 0.7924705882352945, "val_r10_acc_txt2img": 0.9230588235294117, "val_r1_acc_img2txt": 0.30705882352941166, "val_r5_acc_img2txt": 0.8069411764705883, "val_r10_acc_img2txt": 0.9324705882352944}