{"graph_0": {"_type": "graph-file", "path": "media/graph/graph_0_summary_fe133060.graph.json", "sha256": "fe133060259874076371d4781628d3c024561dbaa28a2b1779a2aeb07b227c69", "size": 1202}, "Train loss": 3.8856788531635598, "_runtime": 211, "_timestamp": 1613975804, "_step": 1348, "img2img": 0.010520060136381704, "txt2txt": -0.00455871564295676, "img2txt": 0.8360493435567297, "Test loss": 3.8150267601013184}