{"graph_0": {"_type": "graph-file", "path": "media/graph/graph_0_summary_3a3df5a6.graph.json", "sha256": "3a3df5a6de64d85f20fa4175d3c45caf741a2a989f5cc54e0d279a2fc6806ca5", "size": 1202}, "Train loss": 3.818698261357561, "_runtime": 1137, "_timestamp": 1613980329, "_step": 9739, "img2img": -0.005504225439866564, "txt2txt": 0.040592979474724095, "img2txt": 0.8875481946558892, "Test loss": 3.8038096401388697, "val_r1_acc_txt2img": 0.3062352941176471, "val_r5_acc_txt2img": 0.821058823529412, "val_r10_acc_txt2img": 0.946941176470588, "val_r1_acc_img2txt": 0.3143529411764706, "val_r5_acc_img2txt": 0.8314117647058824, "val_r10_acc_img2txt": 0.946705882352941, "gradients/dense_text_0.bias": {"_type": "histogram", "values": [1.0, 1.0, 1.0, 2.0, 0.0, 2.0, 4.0, 6.0, 8.0, 7.0, 8.0, 9.0, 13.0, 15.0, 7.0, 12.0, 11.0, 17.0, 24.0, 20.0, 26.0, 27.0, 22.0, 28.0, 20.0, 27.0, 34.0, 37.0, 26.0, 32.0, 32.0, 25.0, 35.0, 36.0, 38.0, 30.0, 23.0, 31.0, 30.0, 34.0, 23.0, 19.0, 28.0, 20.0, 26.0, 20.0, 8.0, 14.0, 16.0, 14.0, 12.0, 8.0, 14.0, 7.0, 5.0, 6.0, 0.0, 7.0, 4.0, 3.0, 3.0, 3.0, 1.0, 2.0], "bins": [-0.007999591529369354, -0.007753281854093075, -0.007506972644478083, -0.007260662969201803, -0.007014353293925524, -0.006768044084310532, -0.006521734409034252, -0.006275424733757973, -0.006029115058481693, -0.005782805383205414, -0.005536496173590422, -0.005290186498314142, -0.005043876823037863, -0.004797567613422871, -0.004551257938146591, -0.004304948262870312, -0.00405863905325532, -0.003812329610809684, -0.0035660199355334044, -0.0033197104930877686, -0.003073400817811489, -0.0028270913753658533, -0.0025807819329202175, -0.002334472257643938, -0.0020881628151983023, -0.0018418532563373446, -0.001595543697476387, -0.0013492342550307512, -0.0011029246961697936, -0.000856615137308836, -0.0006103056948632002, -0.00036399613600224257, -0.00011768704280257225, 0.00012862248695455492, 0.0003749320167116821, 0.0006212415173649788, 0.0008675510762259364, 0.001113860635086894, 0.0013601700775325298, 0.0016064796363934875, 0.001852789195254445, 0.002099098637700081, 0.0023454083129763603, 0.002591717755421996, 0.002838027197867632, 0.0030843368731439114, 0.003330646315589547, 0.003576955758035183, 0.0038232654333114624, 0.004069575108587742, 0.004315884318202734, 0.0045621939934790134, 0.004808503668755293, 0.005054812878370285, 0.0053011225536465645, 0.005547432228922844, 0.005793741904199123, 0.006040051579475403, 0.006286360789090395, 0.006532670464366674, 0.006778980139642954, 0.007025289349257946, 0.0072715990245342255, 0.007517908699810505, 0.007764217909425497]}, "gradients/dense_text_0.weight": {"_type": "histogram", "values": [1.0, 0.0, 0.0, 0.0, 0.0, 2.0, 2.0, 4.0, 3.0, 3.0, 8.0, 3.0, 9.0, 13.0, 11.0, 10.0, 19.0, 25.0, 53.0, 59.0, 75.0, 142.0, 190.0, 262.0, 409.0, 604.0, 1040.0, 1540.0, 2718.0, 4713.0, 8710.0, 16989.0, 37052.0, 74494.0, 77979.0, 40008.0, 18347.0, 9201.0, 4998.0, 2865.0, 1689.0, 1028.0, 629.0, 395.0, 258.0, 184.0, 104.0, 87.0, 55.0, 47.0, 52.0, 28.0, 27.0, 21.0, 6.0, 8.0, 7.0, 5.0, 1.0, 2.0, 2.0, 1.0, 2.0, 1.0], "bins": [-0.0010337232379242778, -0.001003360957838595, -0.0009729985613375902, -0.0009426362230442464, -0.0009122738847509027, -0.0008819115464575589, -0.0008515492081642151, -0.0008211869280785322, -0.0007908245315775275, -0.0007604621932841837, -0.00073009985499084, -0.0006997375166974962, -0.0006693751784041524, -0.0006390128401108086, -0.0006086505018174648, -0.000578288221731782, -0.0005479258834384382, -0.0005175635451450944, -0.0004872012068517506, -0.00045683886855840683, -0.00042647653026506305, -0.00039611419197171926, -0.00036575188278220594, -0.00033538954448886216, -0.0003050272061955184, -0.0002746648679021746, -0.0002443025296088308, -0.00021394020586740226, -0.00018357786757405847, -0.0001532155292807147, -0.00012285320553928614, -9.249086724594235e-05, -6.212852895259857e-05, -3.1766194297233596e-05, -1.4038596418686211e-06, 2.8958471375517547e-05, 5.932080966886133e-05, 8.968314796220511e-05, 0.00012004547170363367, 0.00015040780999697745, 0.00018077014829032123, 0.000211132486583665, 0.0002414948248770088, 0.0002718571340665221, 0.0003022194723598659, 0.0003325818106532097, 0.00036294414894655347, 0.00039330648723989725, 0.00042366882553324103, 0.0004540311638265848, 0.0004843935021199286, 0.0005147558404132724, 0.0005451181787066162, 0.0005754805169999599, 0.0006058427970856428, 0.0006362051935866475, 0.0006665674736723304, 0.0006969298119656742, 0.0007272921502590179, 0.0007576544885523617, 0.0007880168268457055, 0.0008183791651390493, 0.0008487415034323931, 0.0008791037835180759, 0.0009094661800190806]}, "gradients/dense_image_0.bias": {"_type": "histogram", "values": [1.0, 1.0, 1.0, 2.0, 0.0, 2.0, 4.0, 6.0, 8.0, 7.0, 8.0, 9.0, 13.0, 15.0, 7.0, 12.0, 11.0, 17.0, 24.0, 20.0, 26.0, 27.0, 22.0, 28.0, 20.0, 27.0, 34.0, 37.0, 26.0, 32.0, 32.0, 25.0, 35.0, 36.0, 38.0, 30.0, 23.0, 31.0, 30.0, 34.0, 23.0, 19.0, 28.0, 20.0, 26.0, 20.0, 8.0, 14.0, 16.0, 14.0, 12.0, 8.0, 14.0, 7.0, 5.0, 6.0, 0.0, 7.0, 4.0, 3.0, 3.0, 3.0, 1.0, 2.0], "bins": [-0.007999591529369354, -0.007753281854093075, -0.007506972644478083, -0.007260662969201803, -0.007014353293925524, -0.006768044084310532, -0.006521734409034252, -0.006275424733757973, -0.006029115058481693, -0.005782805383205414, -0.005536496173590422, -0.005290186498314142, -0.005043876823037863, -0.004797567613422871, -0.004551257938146591, -0.004304948262870312, -0.00405863905325532, -0.003812329610809684, -0.0035660199355334044, -0.0033197104930877686, -0.003073400817811489, -0.0028270913753658533, -0.0025807819329202175, -0.002334472257643938, -0.0020881628151983023, -0.0018418532563373446, -0.001595543697476387, -0.0013492342550307512, -0.0011029246961697936, -0.000856615137308836, -0.0006103056948632002, -0.00036399613600224257, -0.00011768704280257225, 0.00012862248695455492, 0.0003749320167116821, 0.0006212415173649788, 0.0008675510762259364, 0.001113860635086894, 0.0013601700775325298, 0.0016064796363934875, 0.001852789195254445, 0.002099098637700081, 0.0023454083129763603, 0.002591717755421996, 0.002838027197867632, 0.0030843368731439114, 0.003330646315589547, 0.003576955758035183, 0.0038232654333114624, 0.004069575108587742, 0.004315884318202734, 0.0045621939934790134, 0.004808503668755293, 0.005054812878370285, 0.0053011225536465645, 0.005547432228922844, 0.005793741904199123, 0.006040051579475403, 0.006286360789090395, 0.006532670464366674, 0.006778980139642954, 0.007025289349257946, 0.0072715990245342255, 0.007517908699810505, 0.007764217909425497]}, "gradients/dense_image_0.weight": {"_type": "histogram", "values": [2.0, 1.0, 4.0, 0.0, 5.0, 9.0, 12.0, 15.0, 20.0, 44.0, 42.0, 57.0, 112.0, 175.0, 260.0, 374.0, 617.0, 986.0, 1495.0, 2530.0, 4186.0, 6869.0, 11545.0, 18761.0, 30454.0, 46189.0, 67885.0, 93100.0, 120300.0, 147709.0, 174365.0, 196901.0, 205327.0, 200273.0, 185942.0, 162495.0, 130572.0, 95968.0, 67815.0, 45360.0, 29610.0, 18814.0, 11693.0, 7077.0, 4257.0, 2577.0, 1603.0, 987.0, 633.0, 384.0, 248.0, 176.0, 103.0, 81.0, 45.0, 31.0, 23.0, 14.0, 12.0, 2.0, 2.0, 2.0, 0.0, 2.0],