{"graph_0": {"_type": "graph-file", "path": "media/graph/graph_0_summary_ecb520ba.graph.json", "sha256": "ecb520ba0e48edffbaa9d1de91fae1066251b80cd2c56dd792d5ee172d3b6dfc", "size": 1202}, "Train loss": 3.848090171813965, "_runtime": 5, "_timestamp": 1613971833, "_step": 1, "img2img": -0.0011135479435324669}